{"videoSecond": 61.06870229007633, "Shots attemps": 22, "Shots Made": 8, "Shots Missed": 14, "FG": 36.36363636363637}