{"videoSecond": 62.779678862858646, "Shots attemps": 19, "Shots Made": 3, "Shots Missed": 16, "FG": 15.789473684210526}